<?xml version="1.0" encoding="UTF-8"?>
<project-private xmlns="http://www.netbeans.org/ns/project-private/1">
    <editor-bookmarks xmlns="http://www.netbeans.org/ns/editor-bookmarks/2" lastBookmarkId="0"/>
    <open-files xmlns="http://www.netbeans.org/ns/projectui-open-files/2">
        <group>
            <file>file:/E:/UJ%20FAIS/JAVA/Zadanie8/src/HDDIOInterface.java</file>
            <file>file:/E:/UJ%20FAIS/JAVA/Zadanie8/src/HDDTest.java</file>
            <file>file:/E:/UJ%20FAIS/JAVA/Zadanie8/src/DataCorruptionException.java</file>
            <file>file:/E:/UJ%20FAIS/JAVA/Zadanie8/src/HDDIO.java</file>
            <file>file:/E:/UJ%20FAIS/JAVA/Zadanie8/src/BadSectorException.java</file>
            <file>file:/E:/UJ%20FAIS/JAVA/Zadanie8/src/Zadanie8.java</file>
            <file>file:/E:/UJ%20FAIS/JAVA/Zadanie8/src/TimeHelper.java</file>
            <file>file:/E:/UJ%20FAIS/JAVA/Zadanie8/src/DiskTooHotException.java</file>
            <file>file:/E:/UJ%20FAIS/JAVA/Zadanie8/src/HDDTestInterface.java</file>
            <file>file:/E:/UJ%20FAIS/JAVA/Zadanie8/src/HDDInterface.java</file>
        </group>
    </open-files>
</project-private>
